"","X.1","X","Season","Game_ID","Game_Date","Away_Team","Home_Team","Month","Day","gameType","All_Star_Count","Is_Lebron_Playing","Has_Top_Five_Player","Time_Zone_Of_Game","Median_Views_Per_Matchup","Is_Sat_or_Sun","Total_Viewers","bestRankAmongTeams","revisedDate"
"1",1,1,"2016-17",21600010,"10/26/2016","DEN","NOP",10,"Wednesday","R",1,"NO","YES","EAST",5115,"NO",5550.7298363516,21,"2016-10-26"
"2",2,2,"2016-17",21600023,"10/28/2016","HOU","DAL",10,"Friday","R",1,"NO","YES","PACIFIC",12867.5,"NO",13446.2309997725,14,"2016-10-28"
"3",3,3,"2016-17",21600027,"10/29/2016","BOS","CHA",10,"Saturday","R",1,"NO","NO","PACIFIC",23644,"YES",24106.8088229506,8,"2016-10-29"
"4",4,4,"2016-17",21600026,"10/29/2016","ATL","PHI",10,"Saturday","R",2,"NO","NO","EAST",5626,"YES",7213.27447749884,7,"2016-10-29"
"5",5,5,"2016-17",21600048,"11/1/2016","LAL","IND",11,"Tuesday","R",2,"NO","NO","EAST",11850,"NO",13102.3126884981,9,"2016-11-01"
"6",6,6,"2016-17",21600053,"11/1/2016","UTA","SAS",11,"Tuesday","R",2,"NO","NO","EAST",17454,"NO",19057.6981568027,1,"2016-11-01"
"7",7,7,"2016-17",21600050,"11/1/2016","NYK","DET",11,"Tuesday","R",2,"NO","NO","EAST",17175,"NO",18626.0833172275,3,"2016-11-01"
"8",8,8,"2016-17",21600049,"11/1/2016","SAC","MIA",11,"Tuesday","R",3,"NO","NO","CENTRAL",14335,"NO",15950.0249053712,3,"2016-11-01"
"9",9,9,"2016-17",21600061,"11/2/2016","CHI","BOS",11,"Wednesday","R",3,"NO","NO","CENTRAL",19233,"NO",20734.0037605675,1,"2016-11-02"
"10",10,10,"2016-17",21600063,"11/2/2016","POR","PHX",11,"Wednesday","R",0,"NO","NO","EAST",10453.5,"NO",12039.5074769034,6,"2016-11-02"
"11",11,11,"2016-17",21600069,"11/3/2016","OKC","GSW",11,"Thursday","R",5,"NO","YES","MOUNTAIN",49122,"NO",48897.6339971771,1,"2016-11-03"
"12",12,12,"2016-17",21600066,"11/3/2016","IND","MIL",11,"Thursday","R",1,"NO","NO","PACIFIC",8077.5,"NO",9885.02442661204,5,"2016-11-03"
"13",13,13,"2016-17",21600073,"11/4/2016","NYK","CHI",11,"Friday","R",3,"NO","NO","EAST",12840,"NO",14541.325142792,3,"2016-11-04"
"14",14,14,"2016-17",21600082,"11/5/2016","DEN","DET",11,"Saturday","R",1,"NO","NO","CENTRAL",5654,"YES",7601.42317269175,5,"2016-11-05"
"15",15,15,"2016-17",21600096,"11/7/2016","ORL","CHI",11,"Monday","R",2,"NO","NO","PACIFIC",5907.5,"NO",7671.5692853396,7,"2016-11-07"
"16",16,16,"2016-17",21600093,"11/7/2016","UTA","PHI",11,"Monday","R",0,"NO","NO","PACIFIC",17194,"NO",18643.9865249124,3,"2016-11-07"
"17",17,17,"2016-17",21600112,"11/9/2016","TOR","OKC",11,"Wednesday","R",4,"NO","YES","EAST",22732,"NO",24031.0207968651,1,"2016-11-09"
"18",18,18,"2016-17",21600113,"11/9/2016","DET","PHX",11,"Wednesday","R",1,"NO","NO","EAST",3078,"NO",4836.68438258154,9,"2016-11-09"
"19",19,19,"2016-17",21600119,"11/10/2016","GSW","DEN",11,"Thursday","R",3,"NO","YES","EAST",29754,"NO",30647.6694475885,1,"2016-11-10"
"20",20,20,"2016-17",21600122,"11/11/2016","CLE","WAS",11,"Friday","R",2,"YES","YES","CENTRAL",40731,"NO",40906.6519346319,2,"2016-11-11"
"21",21,21,"2016-17",21600134,"11/12/2016","SAS","HOU",11,"Saturday","R",3,"NO","YES","EAST",20773,"YES",22100.745672721,2,"2016-11-12"
"22",22,22,"2016-17",21600130,"11/12/2016","BOS","IND",11,"Saturday","R",2,"NO","NO","MOUNTAIN",21985,"YES",22652.2605772879,9,"2016-11-12"
"23",23,23,"2016-17",21600133,"11/12/2016","WAS","CHI",11,"Saturday","R",3,"NO","NO","CENTRAL",8649,"YES",10339.1738838772,6,"2016-11-12"
"24",24,24,"2016-17",21600132,"11/12/2016","PHI","ATL",11,"Saturday","R",2,"NO","NO","EAST",16028,"YES",17629.655121926,2,"2016-11-12"
"25",25,25,"2016-17",21600138,"11/12/2016","DET","DEN",11,"Saturday","R",1,"NO","NO","EAST",4919,"YES",6571.41097984469,9,"2016-11-12"
"26",26,26,"2016-17",21600140,"11/13/2016","CHA","CLE",11,"Sunday","R",1,"YES","YES","CENTRAL",31969,"YES",32734.8065540186,1,"2016-11-13"
"27",27,27,"2016-17",21600148,"11/14/2016","BOS","NOP",11,"Monday","R",2,"NO","YES","CENTRAL",21838,"NO",22851.1870239176,5,"2016-11-14"
"28",28,28,"2016-17",21600147,"11/14/2016","OKC","DET",11,"Monday","R",3,"NO","YES","CENTRAL",25479,"NO",26366.3671652244,4,"2016-11-14"
"29",29,29,"2016-17",21600149,"11/14/2016","PHI","HOU",11,"Monday","R",1,"NO","YES","MOUNTAIN",31460,"NO",31917.7483052137,5,"2016-11-14"
"30",30,30,"2016-17",21600160,"11/16/2016","CLE","IND",11,"Wednesday","R",2,"YES","YES","PACIFIC",37701,"NO",38051.5614459261,2,"2016-11-16"
"31",31,31,"2016-17",21600162,"11/16/2016","DET","NYK",11,"Wednesday","R",2,"NO","NO","PACIFIC",9855,"NO",11391.1962504109,7,"2016-11-16"
"32",32,32,"2016-17",21600163,"11/16/2016","MIL","ATL",11,"Wednesday","R",2,"NO","NO","MOUNTAIN",23040,"NO",24152.5208473461,3,"2016-11-16"
"33",33,33,"2016-17",21600170,"11/17/2016","MIL","MIA",11,"Thursday","R",2,"NO","NO","EAST",12628.25,"NO",14173.0782356806,5,"2016-11-17"
"34",34,34,"2016-17",21600178,"11/18/2016","BKN","OKC",11,"Friday","R",2,"NO","YES","EAST",26257,"NO",26930.7360373859,6,"2016-11-18"
"35",35,35,"2016-17",21600176,"11/18/2016","PHX","IND",11,"Friday","R",1,"NO","NO","CENTRAL",3479,"NO",5045.81592330995,11,"2016-11-18"
"36",36,36,"2016-17",21600192,"11/19/2016","CHI","LAC",11,"Saturday","R",3,"NO","NO","CENTRAL",16452,"YES",18113.5395199435,1,"2016-11-19"
"37",37,37,"2016-17",21600196,"11/20/2016","TOR","SAC",11,"Sunday","R",3,"NO","NO","CENTRAL",11799.25,"YES",13645.0135694129,2,"2016-11-20"
"38",38,38,"2016-17",21600206,"11/21/2016","DAL","SAS",11,"Monday","R",2,"NO","NO","EAST",15931,"NO",17453.8943509073,3,"2016-11-21"
"39",39,39,"2016-17",21600203,"11/21/2016","HOU","DET",11,"Monday","R",2,"NO","YES","EAST",15199,"NO",16679.7895335758,4,"2016-11-21"
"40",40,40,"2016-17",21600201,"11/21/2016","MEM","CHA",11,"Monday","R",0,"NO","NO","EAST",6936,"NO",8893.77873879828,4,"2016-11-21"
"41",41,41,"2016-17",21600220,"11/23/2016","LAC","DAL",11,"Wednesday","R",1,"NO","NO","PACIFIC",16066,"NO",17749.8217217124,1,"2016-11-23"
"42",42,42,"2016-17",21600217,"11/23/2016","BOS","BKN",11,"Wednesday","R",1,"NO","NO","EAST",28871,"NO",29225.1201363671,8,"2016-11-23"
"43",43,43,"2016-17",21600229,"11/25/2016","CHI","PHI",11,"Friday","R",2,"NO","NO","EAST",11236.5,"NO",12692.9479039248,7,"2016-11-25"
"44",44,44,"2016-17",21600242,"11/26/2016","DET","OKC",11,"Saturday","R",3,"NO","YES","CENTRAL",21152,"YES",22289.1471834984,4,"2016-11-26"
"45",45,45,"2016-17",21600246,"11/27/2016","DEN","PHX",11,"Sunday","R",0,"NO","NO","CENTRAL",7691,"YES",9267.75493808706,8,"2016-11-27"
"46",46,46,"2016-17",21600250,"11/27/2016","NOP","DAL",11,"Sunday","R",1,"NO","YES","PACIFIC",12936,"YES",14209.982533223,8,"2016-11-27"
"47",47,47,"2016-17",21600261,"11/29/2016","LAC","BKN",11,"Tuesday","R",1,"NO","NO","EAST",6630,"NO",8858.52342091112,1,"2016-11-29"
"48",48,48,"2016-17",21600276,"12/1/2016","DAL","CHA",12,"Thursday","R",0,"NO","NO","EAST",11771.5,"NO",13390.1091932464,7,"2016-12-01"
"49",49,49,"2016-17",21600287,"12/2/2016","LAC","NOP",12,"Friday","R",2,"NO","YES","EAST",13199,"NO",15241.3665613385,1,"2016-12-02"
"50",50,50,"2016-17",21600299,"12/3/2016","PHX","GSW",12,"Saturday","R",3,"NO","YES","EAST",19267,"YES",20959.0857314596,1,"2016-12-03"
"51",51,51,"2016-17",21600292,"12/3/2016","MIN","CHA",12,"Saturday","R",0,"NO","NO","EAST",13326,"YES",15107.9548173517,4,"2016-12-03"
"52",52,52,"2016-17",21600295,"12/3/2016","LAL","MEM",12,"Saturday","R",1,"NO","NO","CENTRAL",21180,"YES",22592.9356942748,3,"2016-12-03"
"53",53,53,"2016-17",21600297,"12/3/2016","DEN","UTA",12,"Saturday","R",0,"NO","NO","MOUNTAIN",8901,"YES",10938.3919749348,4,"2016-12-03"
"54",54,54,"2016-17",21600314,"12/5/2016","IND","GSW",12,"Monday","R",4,"NO","YES","PACIFIC",15198,"NO",17124.9724646134,1,"2016-12-05"
"55",55,55,"2016-17",21600308,"12/5/2016","POR","CHI",12,"Monday","R",2,"NO","NO","EAST",14862,"NO",16049.1267110679,10,"2016-12-05"
"56",56,56,"2016-17",21600304,"12/5/2016","DEN","PHI",12,"Monday","R",0,"NO","NO","CENTRAL",23580,"NO",23673.3509252802,17,"2016-12-05"
"57",57,57,"2016-17",21600310,"12/5/2016","MEM","NOP",12,"Monday","R",1,"NO","YES","EAST",7692,"NO",9799.18260171854,4,"2016-12-05"
"58",58,58,"2016-17",21600315,"12/6/2016","ORL","WAS",12,"Tuesday","R",1,"NO","NO","EAST",10534,"NO",12224.0450085027,7,"2016-12-06"
"59",59,59,"2016-17",21600323,"12/7/2016","DEN","BKN",12,"Wednesday","R",0,"NO","NO","EAST",10662,"NO",11669.774616522,15,"2016-12-07"
"60",60,60,"2016-17",21600337,"12/9/2016","ORL","CHA",12,"Friday","R",0,"NO","NO","EAST",9250,"NO",11182.8854474683,5,"2016-12-09"
"61",61,61,"2016-17",21600351,"12/10/2016","GSW","MEM",12,"Saturday","R",3,"NO","YES","CENTRAL",38362.5,"YES",38952.2805918824,1,"2016-12-10"
"62",62,62,"2016-17",21600355,"12/10/2016","NOP","LAC",12,"Saturday","R",2,"NO","YES","CENTRAL",10561,"YES",12586.927146563,3,"2016-12-10"
"63",63,63,"2016-17",21600348,"12/10/2016","POR","IND",12,"Saturday","R",1,"NO","NO","CENTRAL",10858,"YES",12360.6214444026,9,"2016-12-10"
"64",64,64,"2016-17",21600368,"12/13/2016","MEM","CLE",12,"Tuesday","R",1,"YES","YES","MOUNTAIN",21114.5,"NO",22615.5769258827,2,"2016-12-13"
"65",65,65,"2016-17",21600379,"12/14/2016","CLE","MEM",12,"Wednesday","R",1,"YES","YES","PACIFIC",19879.25,"NO",21451.6328578385,2,"2016-12-14"
"66",66,66,"2016-17",21600378,"12/14/2016","LAL","BKN",12,"Wednesday","R",1,"NO","NO","CENTRAL",16835,"NO",17570.7927503711,14,"2016-12-14"
"67",67,67,"2016-17",21600374,"12/14/2016","TOR","PHI",12,"Wednesday","R",2,"NO","NO","EAST",23366,"NO",24484.0264833002,5,"2016-12-14"
"68",68,68,"2016-17",21600382,"12/14/2016","OKC","UTA",12,"Wednesday","R",2,"NO","YES","EAST",24478,"NO",25363.1149010814,7,"2016-12-14"
"69",69,69,"2016-17",21600396,"12/16/2016","LAL","PHI",12,"Friday","R",1,"NO","NO","EAST",40089,"NO",39566.7945929936,13,"2016-12-16"
"70",70,70,"2016-17",21600391,"12/16/2016","CHA","BOS",12,"Friday","R",1,"NO","NO","EAST",24399,"NO",25373.035432492,6,"2016-12-16"
"71",71,71,"2016-17",21600394,"12/16/2016","SAC","MEM",12,"Friday","R",1,"NO","NO","CENTRAL",5473.5,"NO",7793.10772039451,3,"2016-12-16"
"72",72,72,"2016-17",21600408,"12/18/2016","BKN","PHI",12,"Sunday","R",0,"NO","NO","CENTRAL",11767,"YES",12964.0680377649,12,"2016-12-18"
"73",73,73,"2016-17",21600410,"12/18/2016","BOS","MIA",12,"Sunday","R",3,"NO","NO","EAST",18150.5,"YES",19485.2357893639,6,"2016-12-18"
"74",74,74,"2016-17",21600427,"12/20/2016","UTA","GSW",12,"Tuesday","R",3,"NO","YES","CENTRAL",19664,"NO",21333.1685446662,1,"2016-12-20"
"75",75,75,"2016-17",21600428,"12/20/2016","POR","SAC",12,"Tuesday","R",1,"NO","NO","EAST",8183,"NO",9502.59751951289,13,"2016-12-20"
"76",76,76,"2016-17",21600438,"12/22/2016","ORL","NYK",12,"Thursday","R",1,"NO","NO","CENTRAL",6099.5,"NO",8214.25093107632,5,"2016-12-22"
"77",77,77,"2016-17",21600444,"12/23/2016","BKN","CLE",12,"Friday","R",1,"YES","YES","EAST",31351,"NO",32008.0850814242,5,"2016-12-23"
"78",78,78,"2016-17",21600445,"12/23/2016","OKC","BOS",12,"Friday","R",3,"NO","YES","PACIFIC",34487,"NO",34625.6158858643,9,"2016-12-23"
"79",79,79,"2016-17",21600454,"12/23/2016","SAS","POR",12,"Friday","R",2,"NO","NO","EAST",17204,"NO",18930.8141020926,2,"2016-12-23"
"80",80,80,"2016-17",21600448,"12/23/2016","HOU","MEM",12,"Friday","R",1,"NO","YES","EAST",16976,"NO",18631.6154254566,3,"2016-12-23"
"81",81,81,"2016-17",21600453,"12/23/2016","PHI","PHX",12,"Friday","R",0,"NO","NO","CENTRAL",16230,"NO",16072.7548981373,25,"2016-12-23"
"82",82,82,"2016-17",21600459,"12/25/2016","MIN","OKC",12,"Sunday","C",2,"NO","YES","PACIFIC",34055,"YES",41926.0625814484,5,"2016-12-25"
"83",83,83,"2016-17",21600463,"12/26/2016","CHA","BKN",12,"Monday","R",0,"NO","NO","PACIFIC",8876,"NO",10746.1147538848,6,"2016-12-26"
"84",84,84,"2016-17",21600475,"12/27/2016","UTA","LAL",12,"Tuesday","R",1,"NO","NO","EAST",15223.5,"NO",16895.9199006253,4,"2016-12-27"
"85",85,85,"2016-17",21600476,"12/28/2016","IND","WAS",12,"Wednesday","R",2,"NO","NO","EAST",9483,"NO",11233.7149412981,7,"2016-12-28"
"86",86,86,"2016-17",21600482,"12/28/2016","PHX","SAS",12,"Wednesday","R",2,"NO","NO","CENTRAL",10726,"NO",12826.762555612,2,"2016-12-28"
"87",87,87,"2016-17",21600491,"12/29/2016","DAL","LAL",12,"Thursday","R",1,"NO","NO","PACIFIC",20930.5,"NO",21936.0373870663,8,"2016-12-29"
"88",88,88,"2016-17",21600501,"12/30/2016","DAL","GSW",12,"Friday","R",3,"NO","YES","PACIFIC",24217,"NO",25623.3424704344,1,"2016-12-30"
"89",89,89,"2016-17",21600496,"12/30/2016","LAC","HOU",12,"Friday","R",2,"NO","YES","PACIFIC",20133.5,"NO",21606.8458604693,3,"2016-12-30"
"90",90,90,"2016-17",21600498,"12/30/2016","DET","ATL",12,"Friday","R",3,"NO","NO","EAST",7876,"NO",9803.84066520301,6,"2016-12-30"
"91",91,91,"2016-17",21600507,"12/31/2016","LAC","OKC",12,"Saturday","R",3,"NO","YES","EAST",32795,"YES",33537.4492343136,3,"2016-12-31"
"92",92,92,"2016-17",21600511,"1/1/2017","POR","MIN",1,"Sunday","R",0,"NO","NO","EAST",14441,"YES",13782.0187023371,7,"2017-01-01"
"93",93,93,"2016-17",21600509,"1/1/2017","DET","MIA",1,"Sunday","R",3,"NO","NO","EAST",10298,"YES",10046.8975217615,5,"2017-01-01"
"94",94,94,"2016-17",21600521,"1/3/2017","MIN","PHI",1,"Tuesday","R",0,"NO","NO","EAST",16138.75,"NO",14959.9636143141,12,"2017-01-03"
"95",95,95,"2016-17",21600535,"1/4/2017","MIA","SAC",1,"Wednesday","R",3,"NO","NO","EAST",10877,"NO",10001.9529281928,12,"2017-01-04"
"96",96,96,"2016-17",21600539,"1/5/2017","ATL","NOP",1,"Thursday","R",3,"NO","YES","CENTRAL",13281,"NO",12688.9807594662,7,"2017-01-05"
"97",97,97,"2016-17",21600541,"1/5/2017","PHX","DAL",1,"Thursday","R",0,"NO","NO","PACIFIC",4798,"NO",4105.14837426332,14,"2017-01-05"
"98",98,98,"2016-17",21600552,"1/7/2017","NYK","IND",1,"Saturday","R",2,"NO","NO","PACIFIC",12385,"YES",11760.3429915909,8,"2017-01-07"
"99",99,99,"2016-17",21600564,"1/8/2017","UTA","MEM",1,"Sunday","R",0,"NO","NO","CENTRAL",8346,"YES",8123.21831623817,6,"2017-01-08"
"100",100,100,"2016-17",21600585,"1/11/2017","CLE","POR",1,"Wednesday","R",1,"YES","YES","EAST",31414,"NO",30197.0377316153,2,"2017-01-11"
"101",101,101,"2016-17",21600581,"1/11/2017","MEM","OKC",1,"Wednesday","R",2,"NO","YES","PACIFIC",14493,"NO",14084.097508198,4,"2017-01-11"
"102",102,102,"2016-17",21600591,"1/12/2017","DAL","PHX",1,"Thursday","R",0,"NO","NO","EAST",5478,"NO",5083.33549223288,10,"2017-01-12"
"103",103,103,"2016-17",21600586,"1/12/2017","NOP","BKN",1,"Thursday","R",1,"NO","YES","EAST",21968,"NO",20874.5157678448,7,"2017-01-12"
"104",104,104,"2016-17",21600593,"1/13/2017","CHA","PHI",1,"Friday","R",0,"NO","NO","EAST",14560,"NO",13725.4289500573,9,"2017-01-13"
"105",105,105,"2016-17",21600594,"1/13/2017","MIA","MIL",1,"Friday","R",2,"NO","NO","EAST",8281,"NO",7724.5297628079,10,"2017-01-13"
"106",106,106,"2016-17",21600600,"1/13/2017","DET","UTA",1,"Friday","R",1,"NO","NO","CENTRAL",5654,"NO",5755.33683833981,4,"2017-01-13"
"107",107,107,"2016-17",21600603,"1/14/2017","PHI","WAS",1,"Saturday","R",1,"NO","NO","CENTRAL",26158,"YES",25075.7247526709,4,"2017-01-14"
"108",108,108,"2016-17",21600610,"1/15/2017","OKC","SAC",1,"Sunday","R",3,"NO","YES","PACIFIC",16666.5,"YES",16132.1302399479,4,"2017-01-15"
"109",109,109,"2016-17",21600607,"1/15/2017","MIL","ATL",1,"Sunday","R",2,"NO","NO","CENTRAL",23040,"YES",22053.3539597447,5,"2017-01-15"
"110",110,110,"2016-17",21600611,"1/15/2017","CHI","MEM",1,"Sunday","R",2,"NO","NO","EAST",6055,"YES",6217.54893231769,3,"2017-01-15"
"111",111,111,"2016-17",21600618,"1/16/2017","CHA","BOS",1,"Monday","R",1,"NO","NO","CENTRAL",24399,"NO",23333.9044462632,5,"2017-01-16"
"112",112,112,"2016-17",21600623,"1/17/2017","HOU","MIA",1,"Tuesday","R",3,"NO","YES","EAST",16875,"NO",16581.6749406875,1,"2017-01-17"
"113",113,113,"2016-17",21600628,"1/18/2017","MEM","WAS",1,"Wednesday","R",1,"NO","NO","CENTRAL",4116,"NO",4221.75910553075,5,"2017-01-18"
"114",114,114,"2016-17",21600631,"1/18/2017","ORL","NOP",1,"Wednesday","R",1,"NO","YES","MOUNTAIN",9255,"NO",8220.5038031015,15,"2017-01-18"
"115",115,115,"2016-17",21600639,"1/19/2017","DEN","SAS",1,"Thursday","R",2,"NO","NO","CENTRAL",12471.5,"NO",12432.3709911773,1,"2017-01-19"
"116",116,116,"2016-17",21600643,"1/20/2017","MIL","ORL",1,"Friday","R",0,"NO","NO","CENTRAL",10039,"NO",9381.04761071046,10,"2017-01-20"
"117",117,117,"2016-17",21600651,"1/21/2017","WAS","DET",1,"Saturday","R",2,"NO","NO","PACIFIC",10098,"YES",9521.00196635918,9,"2017-01-21"
"118",118,118,"2016-17",21600653,"1/21/2017","PHI","ATL",1,"Saturday","R",2,"NO","NO","PACIFIC",16028,"YES",15193.0474966586,8,"2017-01-21"
"119",119,119,"2016-17",21600655,"1/21/2017","MIL","MIA",1,"Saturday","R",2,"NO","NO","EAST",12628.25,"YES",11567.7502415803,13,"2017-01-21"
"120",120,120,"2016-17",21600673,"1/23/2017","OKC","UTA",1,"Monday","R",2,"NO","YES","EAST",24478,"NO",23408.3440992691,5,"2017-01-23"
"121",121,121,"2016-17",21600670,"1/23/2017","HOU","MIL",1,"Monday","R",1,"NO","YES","CENTRAL",16821.25,"NO",16446.6675240044,2,"2017-01-23"
"122",122,122,"2016-17",21600676,"1/24/2017","BOS","WAS",1,"Tuesday","R",2,"NO","NO","MOUNTAIN",15612,"NO",15054.1420290164,5,"2017-01-24"
"123",123,123,"2016-17",21600681,"1/25/2017","HOU","BOS",1,"Wednesday","R",2,"NO","YES","PACIFIC",45715,"NO",43672.4994738534,2,"2017-01-25"
"124",124,124,"2016-17",21600693,"1/26/2017","LAL","UTA",1,"Thursday","R",1,"NO","NO","EAST",25043,"NO",24278.1696970402,1,"2017-01-26"
"125",125,125,"2016-17",21600692,"1/26/2017","PHX","DEN",1,"Thursday","R",0,"NO","NO","EAST",5180.5,"NO",5309.17005734899,4,"2017-01-26"
"126",126,126,"2016-17",21600701,"1/27/2017","SAS","NOP",1,"Friday","R",3,"NO","YES","CENTRAL",11449,"NO",11468.8957355002,1,"2017-01-27"
"127",127,127,"2016-17",21600700,"1/27/2017","MIA","CHI",1,"Friday","R",4,"NO","NO","PACIFIC",15038.5,"NO",14176.3071014915,9,"2017-01-27"
"128",128,128,"2016-17",21600703,"1/27/2017","MEM","POR",1,"Friday","R",0,"NO","NO","PACIFIC",4483,"NO",4567.57369607696,5,"2017-01-27"
"129",129,129,"2016-17",21600707,"1/28/2017","LAC","GSW",1,"Saturday","R",4,"NO","YES","EAST",29811,"YES",28770.9325518749,1,"2017-01-28"
"130",130,130,"2016-17",21600706,"1/28/2017","BOS","MIL",1,"Saturday","R",1,"NO","NO","EAST",17660.75,"YES",17068.9862526197,4,"2017-01-28"
"131",131,131,"2016-17",21600704,"1/28/2017","SAC","CHA",1,"Saturday","R",1,"NO","NO","EAST",12867.25,"YES",12383.4750396906,6,"2017-01-28"
"132",132,132,"2016-17",21600709,"1/28/2017","DEN","PHX",1,"Saturday","R",0,"NO","NO","CENTRAL",7691,"YES",7252.94823490214,9,"2017-01-28"
"133",133,133,"2016-17",21600711,"1/29/2017","NYK","ATL",1,"Sunday","R",3,"NO","NO","EAST",18097.5,"YES",17227.443907602,7,"2017-01-29"
"134",134,134,"2016-17",21600718,"1/29/2017","GSW","POR",1,"Sunday","R",3,"NO","YES","MOUNTAIN",32728,"YES",31519.5460685597,1,"2017-01-29"
"135",135,135,"2016-17",21600266,"1/30/2017","SAC","PHI",1,"Monday","R",1,"NO","NO","PACIFIC",19300,"NO",18529.2488680748,5,"2017-01-30"
"136",136,136,"2016-17",21600720,"1/30/2017","ORL","MIN",1,"Monday","R",0,"NO","NO","PACIFIC",5382,"NO",5414.67810180188,5,"2017-01-30"
"137",137,137,"2016-17",21600731,"2/1/2017","MIN","CLE",2,"Wednesday","R",1,"YES","YES","EAST",41846,"NO",40219.8856766205,2,"2017-02-01"
"138",138,138,"2016-17",21600734,"2/1/2017","ATL","MIA",2,"Wednesday","R",4,"NO","NO","CENTRAL",15668,"NO",15046.87347661,8,"2017-02-01"
"139",139,139,"2016-17",21600735,"2/1/2017","NOP","DET",2,"Wednesday","R",2,"NO","YES","CENTRAL",13345,"NO",12436.1698465198,13,"2017-02-01"
"140",140,140,"2016-17",21600743,"2/2/2017","ATL","HOU",2,"Thursday","R",3,"NO","YES","MOUNTAIN",7280,"NO",7564.87934282971,3,"2017-02-02"
"141",141,141,"2016-17",21600752,"2/3/2017","MIL","DEN",2,"Friday","R",0,"NO","NO","EAST",17001,"NO",16134.2044679898,10,"2017-02-03"
"142",142,142,"2016-17",21600748,"2/3/2017","MIN","DET",2,"Friday","R",1,"NO","NO","EAST",13170.75,"NO",12693.7795086494,8,"2017-02-03"
"143",143,143,"2016-17",21600759,"2/4/2017","CLE","NYK",2,"Saturday","R",2,"YES","YES","CENTRAL",29581,"YES",28578.533794522,3,"2017-02-04"
"144",144,144,"2016-17",21600755,"2/4/2017","NOP","WAS",2,"Saturday","R",2,"NO","YES","EAST",10809,"YES",10637.0840485382,6,"2017-02-04"
"145",145,145,"2016-17",21600760,"2/4/2017","CHA","UTA",2,"Saturday","R",0,"NO","NO","CENTRAL",9290,"YES",9374.49007666359,4,"2017-02-04"
"146",146,146,"2016-17",21600767,"2/5/2017","POR","OKC",2,"Sunday","R",2,"NO","YES","MOUNTAIN",22978.5,"YES",22272.8089395841,4,"2017-02-05"
"147",147,147,"2016-17",21600778,"2/6/2017","CHI","SAC",2,"Monday","R",3,"NO","NO","PACIFIC",7448,"NO",7048.29991439633,11,"2017-02-06"
"148",148,148,"2016-17",21600773,"2/6/2017","PHI","DET",2,"Monday","R",1,"NO","NO","PACIFIC",15201,"NO",14269.3907395297,12,"2017-02-06"
"149",149,149,"2016-17",21600791,"2/8/2017","LAC","NYK",2,"Wednesday","R",2,"NO","NO","CENTRAL",14341,"NO",13796.4757609293,8,"2017-02-08"
"150",150,150,"2016-17",21600784,"2/8/2017","WAS","BKN",2,"Wednesday","R",1,"NO","NO","CENTRAL",8450,"NO",8161.17892008845,9,"2017-02-08"
"151",151,151,"2016-17",21600793,"2/8/2017","BOS","SAC",2,"Wednesday","R",2,"NO","NO","EAST",8983,"NO",9085.21193143828,4,"2017-02-08"
"152",152,152,"2016-17",21600796,"2/9/2017","CLE","OKC",2,"Thursday","R",3,"YES","YES","EAST",55244,"NO",52844.4739167789,2,"2017-02-09"
"153",153,153,"2016-17",21600797,"2/9/2017","UTA","DAL",2,"Thursday","R",0,"NO","NO","EAST",12093.5,"NO",12100.5156686994,3,"2017-02-09"
"154",154,154,"2016-17",21600802,"2/10/2017","LAL","MIL",2,"Friday","R",1,"NO","NO","EAST",25637,"NO",24187.3233134292,11,"2017-02-10"
"155",155,155,"2016-17",21600811,"2/11/2017","DEN","CLE",2,"Saturday","R",1,"YES","YES","CENTRAL",21962.75,"YES",21400.0542184221,3,"2017-02-11"
"156",156,156,"2016-17",21600816,"2/12/2017","CHI","MIN",2,"Sunday","R",2,"NO","NO","CENTRAL",15032.25,"YES",14869.623646813,3,"2017-02-12"
"157",157,157,"2016-17",21600829,"2/13/2017","NOP","PHX",2,"Monday","R",1,"NO","YES","EAST",7139,"NO",6166.61593007824,18,"2017-02-13"
"158",158,158,"2016-17",21600822,"2/13/2017","MEM","BKN",2,"Monday","R",0,"NO","NO","EAST",10586.75,"NO",10512.0238167452,5,"2017-02-13"
"159",159,159,"2016-17",21600831,"2/14/2017","TOR","CHI",2,"Tuesday","R",4,"NO","NO","CENTRAL",6898,"NO",7289.29082536976,2,"2017-02-14"
"160",160,160,"2016-17",21600835,"2/15/2017","IND","CLE",2,"Wednesday","R",2,"YES","YES","MOUNTAIN",33375.5,"NO",32069.6326396085,4,"2017-02-15"
"161",161,161,"2016-17",21600853,"2/23/2017","NYK","CLE",2,"Thursday","R",2,"YES","YES","PACIFIC",38571.5,"NO",37050.0489888155,3,"2017-02-23"
"162",162,162,"2016-17",21600856,"2/24/2017","WAS","PHI",2,"Friday","R",1,"NO","NO","EAST",15489,"NO",15131.2869679854,5,"2017-02-24"
"163",163,163,"2016-17",21600859,"2/24/2017","PHX","CHI",2,"Friday","R",2,"NO","NO","EAST",9264,"NO",8759.46965944244,11,"2017-02-24"
"164",164,164,"2016-17",21600860,"2/24/2017","UTA","MIL",2,"Friday","R",0,"NO","NO","EAST",9309,"NO",9476.75346876503,3,"2017-02-24"
"165",165,165,"2016-17",21600864,"2/24/2017","BKN","DEN",2,"Friday","R",0,"NO","NO","CENTRAL",4703,"NO",4377.39735654837,12,"2017-02-24"
"166",166,166,"2016-17",21600866,"2/25/2017","CHA","SAC",2,"Saturday","R",1,"NO","NO","CENTRAL",5875,"YES",5819.18332614937,8,"2017-02-25"
"167",167,167,"2016-17",21600878,"2/26/2017","POR","TOR",2,"Sunday","R",2,"NO","NO","PACIFIC",7853,"YES",7936.08202681139,5,"2017-02-26"
"168",168,168,"2016-17",21600883,"2/27/2017","GSW","PHI",2,"Monday","R",3,"NO","YES","EAST",54197,"NO",51942.2731303456,1,"2017-02-27"
"169",169,169,"2016-17",21600890,"2/28/2017","POR","DET",2,"Tuesday","R",1,"NO","NO","EAST",13470,"NO",13060.1152141039,7,"2017-02-28"
"170",170,170,"2016-17",21600899,"3/1/2017","DEN","MIL",3,"Wednesday","R",0,"NO","NO","MOUNTAIN",17379,"NO",16514.7083565554,12,"2017-03-01"
"171",171,171,"2016-17",21600908,"3/2/2017","OKC","POR",3,"Thursday","R",2,"NO","YES","PACIFIC",19018,"NO",18902.6974320697,2,"2017-03-02"
"172",172,172,"2016-17",21600909,"3/3/2017","NYK","PHI",3,"Friday","R",1,"NO","NO","EAST",16395,"NO",15503.150468876,13,"2017-03-03"
"173",173,173,"2016-17",21600910,"3/3/2017","TOR","WAS",3,"Friday","R",3,"NO","NO","EAST",18661,"NO",18313.2250291609,5,"2017-03-03"
"174",174,174,"2016-17",21600911,"3/3/2017","MIA","ORL",3,"Friday","R",2,"NO","NO","EAST",16481,"NO",15752.9064093357,11,"2017-03-03"
"175",175,175,"2016-17",21600915,"3/3/2017","BKN","UTA",3,"Friday","R",0,"NO","NO","EAST",9169,"NO",9453.51956380994,4,"2017-03-03"
"176",176,176,"2016-17",21600925,"3/4/2017","MIN","SAS",3,"Saturday","R",2,"NO","NO","EAST",21270.5,"YES",21109.5300012419,1,"2017-03-04"
"177",177,177,"2016-17",21600927,"3/5/2017","IND","ATL",3,"Sunday","R",3,"NO","NO","EAST",5408.5,"YES",5741.37748448914,6,"2017-03-05"
"178",178,178,"2016-17",21600942,"3/6/2017","HOU","SAS",3,"Monday","R",3,"NO","YES","CENTRAL",30160,"NO",29401.5153281621,2,"2017-03-06"
"179",179,179,"2016-17",21600959,"3/8/2017","BOS","GSW",3,"Wednesday","R",4,"NO","YES","MOUNTAIN",56477,"NO",54283.7027044168,1,"2017-03-08"
"180",180,180,"2016-17",21600949,"3/8/2017","CHI","ORL",3,"Wednesday","R",2,"NO","NO","CENTRAL",8867,"NO",8578.43149811262,11,"2017-03-08"
"181",181,181,"2016-17",21600955,"3/8/2017","LAC","MIN",3,"Wednesday","R",1,"NO","NO","PACIFIC",12297,"NO",12232.2325443736,6,"2017-03-08"
"182",182,182,"2016-17",21600951,"3/8/2017","CHA","MIA",3,"Wednesday","R",2,"NO","NO","PACIFIC",12229,"NO",11577.6366154278,13,"2017-03-08"
"183",183,183,"2016-17",21600962,"3/9/2017","SAS","OKC",3,"Thursday","R",4,"NO","YES","EAST",30089,"NO",29418.9740522822,1,"2017-03-09"
"184",184,184,"2016-17",21600992,"3/13/2017","DAL","TOR",3,"Monday","R",2,"NO","NO","EAST",19148,"NO",18772.1125103489,5,"2017-03-13"
"185",185,185,"2016-17",21600998,"3/13/2017","LAL","DEN",3,"Monday","R",1,"NO","NO","EAST",22707.5,"NO",21788.6963913457,9,"2017-03-13"
"186",186,186,"2016-17",21601006,"3/15/2017","MIN","BOS",3,"Wednesday","R",1,"NO","NO","EAST",34924,"NO",33806.1489022256,3,"2017-03-15"
"187",187,187,"2016-17",21601022,"3/17/2017","BOS","BKN",3,"Friday","R",1,"NO","NO","EAST",28871,"NO",28186.9240278513,2,"2017-03-17"
"188",188,188,"2016-17",21601020,"3/17/2017","DAL","PHI",3,"Friday","R",0,"NO","NO","MOUNTAIN",12159,"NO",11849.118166886,9,"2017-03-17"
"189",189,189,"2016-17",21601034,"3/18/2017","HOU","DEN",3,"Saturday","R",1,"NO","YES","CENTRAL",14394.5,"YES",14461.732998633,3,"2017-03-18"
"190",190,190,"2016-17",21601042,"3/19/2017","SAC","SAS",3,"Sunday","R",3,"NO","NO","CENTRAL",14196.5,"YES",14443.883097907,1,"2017-03-19"
"191",191,191,"2016-17",21601036,"3/19/2017","DAL","BKN",3,"Sunday","R",0,"NO","NO","EAST",4972,"YES",5076.99429153008,9,"2017-03-19"
"192",192,192,"2016-17",21601048,"3/20/2017","DEN","HOU",3,"Monday","R",1,"NO","YES","MOUNTAIN",9611,"NO",10038.7250798403,2,"2017-03-20"
"193",193,193,"2016-17",21601046,"3/20/2017","UTA","IND",3,"Monday","R",1,"NO","NO","MOUNTAIN",12758,"NO",12835.3412680888,4,"2017-03-20"
"194",194,194,"2016-17",21601044,"3/20/2017","ATL","CHA",3,"Monday","R",2,"NO","NO","PACIFIC",13940,"NO",13611.6685032447,8,"2017-03-20"
"195",195,195,"2016-17",21601057,"3/21/2017","MIL","POR",3,"Tuesday","R",0,"NO","NO","PACIFIC",13037,"NO",12929.5153699981,6,"2017-03-21"
"196",196,196,"2016-17",21601090,"3/26/2017","CHI","MIL",3,"Sunday","R",2,"NO","NO","PACIFIC",15693,"YES",15347.8351651204,7,"2017-03-26"
"197",197,197,"2016-17",21601087,"3/26/2017","PHX","CHA",3,"Sunday","R",0,"NO","NO","EAST",9866,"YES",9266.68275945625,14,"2017-03-26"
"198",198,198,"2016-17",21601100,"3/27/2017","OKC","DAL",3,"Monday","R",2,"NO","YES","EAST",15904,"NO",15715.3753666652,5,"2017-03-27"
"199",199,199,"2016-17",21601103,"3/28/2017","MIL","CHA",3,"Tuesday","R",0,"NO","NO","EAST",15693,"NO",15600.9157183698,4,"2017-03-28"
"200",200,200,"2016-17",21601119,"3/29/2017","WAS","LAC",3,"Wednesday","R",2,"NO","NO","PACIFIC",17561,"NO",17361.0837160274,4,"2017-03-29"
"201",201,201,"2016-17",21601114,"3/29/2017","CHA","TOR",3,"Wednesday","R",2,"NO","NO","EAST",8839,"NO",9058.20893012846,5,"2017-03-29"
"202",202,202,"2016-17",21601116,"3/29/2017","IND","MEM",3,"Wednesday","R",1,"NO","NO","EAST",9693.25,"NO",9525.70583271891,9,"2017-03-29"
"203",203,203,"2016-17",21601123,"3/30/2017","LAL","MIN",3,"Thursday","R",1,"NO","NO","EAST",24710,"NO",23844.3206227639,7,"2017-03-30"
"204",204,204,"2016-17",21601136,"3/31/2017","HOU","GSW",3,"Friday","R",4,"NO","YES","EAST",51648,"NO",49733.4611301726,1,"2017-03-31"
"205",205,205,"2016-17",21601150,"4/2/2017","IND","CLE",4,"Sunday","R",2,"YES","YES","PACIFIC",33375.5,"YES",32371.3617589457,5,"2017-04-02"
"206",206,206,"2016-17",21601143,"4/2/2017","MEM","LAL",4,"Sunday","R",1,"NO","NO","PACIFIC",14746,"YES",14395.4657017661,10,"2017-04-02"
"207",207,207,"2016-17",21601144,"4/2/2017","DAL","MIL",4,"Sunday","R",0,"NO","NO","EAST",12673,"YES",12357.7713315123,11,"2017-04-02"
"208",208,208,"2016-17",21601148,"4/2/2017","ATL","BKN",4,"Sunday","R",2,"NO","NO","EAST",6802,"YES",6741.3199724451,12,"2017-04-02"
"209",209,209,"2016-17",21601157,"4/4/2017","TOR","IND",4,"Tuesday","R",3,"NO","NO","EAST",15836,"NO",15928.7055649282,4,"2017-04-04"
"210",210,210,"2016-17",21601158,"4/4/2017","DEN","NOP",4,"Tuesday","R",1,"NO","YES","EAST",5115,"NO",5067.34340042246,13,"2017-04-04"
"211",211,211,"2016-17",21601174,"4/6/2017","BKN","ORL",4,"Thursday","R",0,"NO","NO","CENTRAL",15251.5,"NO",14787.4250691783,11,"2017-04-06"
"212",212,212,"2016-17",21601192,"4/8/2017","MIA","WAS",4,"Saturday","R",3,"NO","NO","CENTRAL",16478,"YES",16449.2853454454,5,"2017-04-08"
"213",213,213,"2016-17",21601189,"4/8/2017","BOS","CHA",4,"Saturday","R",1,"NO","NO","PACIFIC",23644,"YES",23370.341833772,3,"2017-04-08"
"214",214,214,"2016-17",21601207,"4/10/2017","CHA","MIL",4,"Monday","R",0,"NO","NO","EAST",12046,"NO",11935.6858467418,9,"2017-04-10"
"215",215,215,"2016-17",21601215,"4/11/2017","NOP","LAL",4,"Tuesday","R",2,"NO","YES","CENTRAL",13886,"NO",14006.9109075822,5,"2017-04-11"
"216",216,216,"2016-17",21601227,"4/12/2017","SAS","UTA",4,"Wednesday","R",2,"NO","NO","CENTRAL",17186.5,"NO",17369.9670905259,2,"2017-04-12"
"217",217,217,"2016-17",21601225,"4/12/2017","DEN","OKC",4,"Wednesday","R",2,"NO","YES","CENTRAL",17459,"NO",16951.8553043598,10,"2017-04-12"
"218",218,218,"2017-18",21700002,"10/17/2017","HOU","GSW",10,"Tuesday","O",4,"NO","YES","MOUNTAIN",51648,"NO",75224.2436059428,1,"2017-10-17"
"219",219,219,"2017-18",21700011,"10/18/2017","MIN","SAS",10,"Wednesday","R",2,"NO","NO","EAST",21270.5,"NO",22376.4823799633,2,"2017-10-18"
"220",220,220,"2017-18",21700007,"10/18/2017","MIL","BOS",10,"Wednesday","R",1,"NO","NO","EAST",16080,"NO",17316.8883538276,4,"2017-10-18"
"221",221,221,"2017-18",21700017,"10/20/2017","ATL","CHA",10,"Friday","R",2,"NO","NO","CENTRAL",13940,"NO",14709.9005131332,11,"2017-10-20"
"222",222,222,"2017-18",21700024,"10/20/2017","SAC","DAL",10,"Friday","R",1,"NO","NO","CENTRAL",5694,"NO",6011.94634928186,22,"2017-10-20"
"223",223,223,"2017-18",21700040,"10/22/2017","NOP","LAL",10,"Sunday","R",2,"NO","NO","CENTRAL",13886,"YES",13815.4158681795,21,"2017-10-22"
"224",224,224,"2017-18",21700038,"10/22/2017","ATL","BKN",10,"Sunday","R",2,"NO","NO","CENTRAL",6802,"YES",7983.94806812265,11,"2017-10-22"
"225",225,225,"2017-18",21700058,"10/25/2017","CLE","BKN",10,"Wednesday","R",1,"YES","YES","MOUNTAIN",24573,"NO",25235.2620045854,5,"2017-10-25"
"226",226,226,"2017-18",21700056,"10/25/2017","MIN","DET",10,"Wednesday","R",1,"NO","NO","MOUNTAIN",13170.75,"NO",13310.1746950828,19,"2017-10-25"
"227",227,227,"2017-18",21700067,"10/26/2017","BOS","MIL",10,"Thursday","R",1,"NO","NO","PACIFIC",17660.75,"NO",18806.3881195113,4,"2017-10-26"
"228",228,228,"2017-18",21700066,"10/26/2017","DAL","MEM",10,"Thursday","R",0,"NO","NO","EAST",3046.5,"NO",4360.87754366175,12,"2017-10-26"
"229",229,229,"2017-18",21700083,"10/28/2017","PHX","POR",10,"Saturday","R",0,"NO","NO","CENTRAL",8759,"YES",9406.17753759044,16,"2017-10-28"
"230",230,230,"2017-18",21700090,"10/29/2017","NYK","CLE",10,"Sunday","R",2,"YES","YES","EAST",38571.5,"YES",38425.6858349973,5,"2017-10-29"
"231",231,231,"2017-18",21700086,"10/29/2017","SAS","IND",10,"Sunday","R",3,"NO","NO","MOUNTAIN",16753,"YES",18119.7591843434,2,"2017-10-29"
"232",232,232,"2017-18",21700089,"10/29/2017","WAS","SAC",10,"Sunday","R",2,"NO","NO","PACIFIC",11538,"YES",12615.2785209525,9,"2017-10-29"
"233",233,233,"2017-18",21700092,"10/30/2017","SAS","BOS",10,"Monday","R",3,"NO","NO","EAST",28987,"NO",29647.5403852763,2,"2017-10-30"
"234",234,234,"2017-18",21700099,"10/30/2017","TOR","POR",10,"Monday","R",2,"NO","NO","EAST",10840,"NO",12126.2915758856,7,"2017-10-30"
"235",235,235,"2017-18",21700104,"10/31/2017","DET","LAL",10,"Tuesday","R",2,"NO","NO","EAST",13972,"NO",14065.1718086391,19,"2017-10-31"
"236",236,236,"2017-18",21700107,"11/1/2017","ATL","PHI",11,"Wednesday","R",2,"NO","NO","EAST",5626,"NO",6815.79783846025,14,"2017-11-01"
"237",237,237,"2017-18",21700113,"11/1/2017","MIN","NOP",11,"Wednesday","R",1,"NO","NO","CENTRAL",11856,"NO",13445.4070706961,5,"2017-11-01"
"238",238,238,"2017-18",21700109,"11/1/2017","SAC","BOS",11,"Wednesday","R",2,"NO","NO","EAST",15651,"NO",17358.7779749094,1,"2017-11-01"
"239",239,239,"2017-18",21700116,"11/1/2017","DAL","LAC",11,"Wednesday","R",1,"NO","YES","CENTRAL",9651,"NO",11367.6927051528,5,"2017-11-01"
"240",240,240,"2017-18",21700114,"11/1/2017","TOR","DEN",11,"Wednesday","R",2,"NO","NO","MOUNTAIN",15187,"NO",16584.1220600951,5,"2017-11-01"
"241",241,241,"2017-18",21700122,"11/3/2017","CLE","WAS",11,"Friday","R",2,"YES","YES","CENTRAL",40731,"NO",40400.4908281329,8,"2017-11-03"
"242",242,242,"2017-18",21700119,"11/3/2017","MIL","DET",11,"Friday","R",1,"NO","NO","EAST",10922,"NO",12649.6832562838,4,"2017-11-03"
"243",243,243,"2017-18",21700124,"11/3/2017","PHX","NYK",11,"Friday","R",1,"NO","NO","EAST",19380,"NO",20281.9967606883,8,"2017-11-03"
"244",244,244,"2017-18",21700120,"11/3/2017","CHI","ORL",11,"Friday","R",2,"NO","NO","CENTRAL",8867,"NO",10966.3905572923,1,"2017-11-03"
"245",245,245,"2017-18",21700125,"11/3/2017","NOP","DAL",11,"Friday","R",1,"NO","NO","PACIFIC",12936,"NO",13535.1010578911,16,"2017-11-03"
"246",246,246,"2017-18",21700157,"11/7/2017","MEM","POR",11,"Tuesday","R",0,"NO","NO","EAST",4483,"NO",6835.46095251135,1,"2017-11-07"
"247",247,247,"2017-18",21700162,"11/8/2017","MIA","PHX",11,"Wednesday","R",2,"NO","NO","CENTRAL",4519,"NO",6194.50134437198,9,"2017-11-08"
"248",248,248,"2017-18",21700167,"11/9/2017","PHI","SAC",11,"Thursday","R",1,"NO","NO","EAST",10062,"NO",12008.0479088505,2,"2017-11-09"
"249",249,249,"2017-18",21700174,"11/10/2017","ORL","PHX",11,"Friday","R",0,"NO","NO","PACIFIC",7734,"NO",9730.07364598283,3,"2017-11-10"
"250",250,250,"2017-18",21700189,"11/12/2017","MIA","DET",11,"Sunday","R",3,"NO","NO","EAST",12359,"YES",14088.091306136,3,"2017-11-12"
"251",251,251,"2017-18",21700199,"11/13/2017","ORL","GSW",11,"Monday","R",3,"NO","YES","EAST",20637,"NO",22056.9565810768,1,"2017-11-13"
"252",252,252,"2017-18",21700200,"11/13/2017","PHI","LAC",11,"Monday","R",1,"NO","YES","EAST",13948,"NO",15079.2037265524,9,"2017-11-13"
"253",253,253,"2017-18",21700196,"11/13/2017","LAL","PHX",11,"Monday","R",1,"NO","NO","CENTRAL",9533,"NO",10497.26270294,14,"2017-11-13"
"254",254,254,"2017-18",21700197,"11/13/2017","MIN","UTA",11,"Monday","R",0,"NO","NO","CENTRAL",8651,"NO",10509.7788008875,4,"2017-11-13"
"255",255,255,"2017-18",21700201,"11/14/2017","BOS","BKN",11,"Tuesday","R",1,"NO","NO","CENTRAL",28871,"NO",29815.6414272825,1,"2017-11-14"
"256",256,256,"2017-18",21700209,"11/15/2017","DET","MIL",11,"Wednesday","R",1,"NO","NO","PACIFIC",10946,"NO",12925.3783876617,1,"2017-11-15"
"257",257,257,"2017-18",21700208,"11/15/2017","IND","MEM",11,"Wednesday","R",1,"NO","NO","EAST",9693.25,"NO",11154.4232321501,8,"2017-11-15"
"258",258,258,"2017-18",21700211,"11/15/2017","TOR","NOP",11,"Wednesday","R",3,"NO","NO","EAST",10482,"NO",12319.4428416803,3,"2017-11-15"
"259",259,259,"2017-18",21700220,"11/17/2017","LAC","CLE",11,"Friday","R",2,"YES","YES","CENTRAL",41615,"NO",41402.1814913606,6,"2017-11-17"
"260",260,260,"2017-18",21700223,"11/17/2017","OKC","SAS",11,"Friday","R",4,"NO","YES","CENTRAL",30171.5,"NO",30956.7086951967,2,"2017-11-17"
"261",261,261,"2017-18",21700222,"11/17/2017","CHA","CHI",11,"Friday","R",2,"NO","NO","MOUNTAIN",8307,"NO",9173.31430138312,16,"2017-11-17"
"262",262,262,"2017-18",21700230,"11/18/2017","BOS","ATL",11,"Saturday","R",3,"NO","NO","EAST",18851,"YES",20374.0550586911,1,"2017-11-18"
"263",263,263,"2017-18",21700233,"11/18/2017","MIL","DAL",11,"Saturday","R",0,"NO","NO","EAST",19651,"YES",20874.7937763871,4,"2017-11-18"
"264",264,264,"2017-18",21700257,"11/22/2017","BOS","MIA",11,"Wednesday","R",3,"NO","NO","EAST",18150.5,"NO",19713.9920595695,1,"2017-11-22"
"265",265,265,"2017-18",21700266,"11/22/2017","LAL","SAC",11,"Wednesday","R",2,"NO","NO","CENTRAL",18324,"NO",18780.7942165414,14,"2017-11-22"
"266",266,266,"2017-18",21700258,"11/22/2017","TOR","NYK",11,"Wednesday","R",3,"NO","NO","CENTRAL",13375,"NO",14961.0815958202,4,"2017-11-22"
"267",267,267,"2017-18",21700260,"11/22/2017","DAL","MEM",11,"Wednesday","R",0,"NO","NO","EAST",3046.5,"NO",4132.12127345615,17,"2017-11-22"
"268",268,268,"2017-18",21700288,"11/26/2017","PHX","MIN",11,"Sunday","R",0,"NO","NO","CENTRAL",8503.5,"YES",10623.8739260564,1,"2017-11-26"
"269",269,269,"2017-18",21700295,"11/27/2017","DAL","SAS",11,"Monday","R",2,"NO","NO","MOUNTAIN",15931,"NO",17369.5341664908,4,"2017-11-27"
"270",270,270,"2017-18",21700313,"11/30/2017","CLE","ATL",11,"Thursday","R",3,"YES","YES","PACIFIC",39763,"NO",39994.5306167879,2,"2017-11-30"
"271",271,271,"2017-18",21700315,"11/30/2017","CHI","DEN",11,"Thursday","R",2,"NO","NO","EAST",23234,"NO",24166.6016517174,5,"2017-11-30"
"272",272,272,"2017-18",21700320,"12/1/2017","DET","WAS",12,"Friday","R",2,"NO","NO","EAST",15819,"NO",17625.7644892683,2,"2017-12-01"
"273",273,273,"2017-18",21700321,"12/1/2017","CHA","MIA",12,"Friday","R",2,"NO","NO","CENTRAL",12229,"NO",13568.1190355688,10,"2017-12-01"
"274",274,274,"2017-18",21700330,"12/2/2017","DET","PHI",12,"Saturday","R",1,"NO","NO","CENTRAL",15363.5,"YES",17112.1984574573,3,"2017-12-02"
"275",275,275,"2017-18",21700329,"12/2/2017","MEM","CLE",12,"Saturday","R",1,"YES","YES","MOUNTAIN",21114.5,"YES",22615.5769258827,2,"2017-12-02"
"276",276,276,"2017-18",21700327,"12/2/2017","LAC","DAL",12,"Saturday","R",1,"NO","YES","CENTRAL",16066,"YES",17267.9848982573,9,"2017-12-02"
"277",277,277,"2017-18",21700328,"12/2/2017","ATL","BKN",12,"Saturday","R",2,"NO","NO","EAST",6802,"YES",8538.75774070932,9,"2017-12-02"
"278",278,278,"2017-18",21700334,"12/3/2017","ORL","NYK",12,"Sunday","R",1,"NO","NO","EAST",6099.5,"YES",8214.25093107632,5,"2017-12-03"
"279",279,279,"2017-18",21700343,"12/4/2017","MIL","BOS",12,"Monday","R",1,"NO","NO","CENTRAL",16080,"NO",17956.0582108307,1,"2017-12-04"
"280",280,280,"2017-18",21700345,"12/4/2017","MIN","MEM",12,"Monday","R",0,"NO","NO","CENTRAL",17426.5,"NO",18887.3895335748,5,"2017-12-04"
"281",281,281,"2017-18",21700354,"12/6/2017","CHI","IND",12,"Wednesday","R",3,"NO","NO","CENTRAL",14318,"NO",15789.6101600745,7,"2017-12-06"
"282",282,282,"2017-18",21700374,"12/8/2017","BOS","SAS",12,"Friday","R",3,"NO","NO","CENTRAL",13996,"NO",15992.3590100179,1,"2017-12-08"
"283",283,283,"2017-18",21700372,"12/8/2017","DAL","MIL",12,"Friday","R",0,"NO","NO","PACIFIC",12673,"NO",14155.2090997765,8,"2017-12-08"
"284",284,284,"2017-18",21700373,"12/8/2017","SAC","NOP",12,"Friday","R",2,"NO","NO","PACIFIC",3816,"NO",5809.48749632202,8,"2017-12-08"
"285",285,285,"2017-18",21700371,"12/8/2017","TOR","MEM",12,"Friday","R",2,"NO","NO","EAST",11159,"NO",12981.6866827618,5,"2017-12-08"
"286",286,286,"2017-18",21700370,"12/8/2017","DEN","ORL",12,"Friday","R",0,"NO","NO","EAST",8331,"NO",10063.8550067202,8,"2017-12-08"
"287",287,287,"2017-18",21700384,"12/9/2017","HOU","POR",12,"Saturday","R",1,"NO","NO","EAST",16127,"YES",18000.3450929988,1,"2017-12-09"
"288",288,288,"2017-18",21700385,"12/10/2017","TOR","SAC",12,"Sunday","R",3,"NO","NO","CENTRAL",11799.25,"YES",13838.0582212897,2,"2017-12-10"
"289",289,289,"2017-18",21700388,"12/10/2017","DAL","MIN",12,"Sunday","R",0,"NO","NO","CENTRAL",14194,"YES",16010.2089107439,3,"2017-12-10"
"290",290,290,"2017-18",21700394,"12/11/2017","CHA","OKC",12,"Monday","R",2,"NO","YES","CENTRAL",18937,"NO",20141.9741756956,7,"2017-12-11"
"291",291,291,"2017-18",21700397,"12/12/2017","ATL","CLE",12,"Tuesday","R",3,"YES","YES","MOUNTAIN",44960,"NO",45168.9338919604,1,"2017-12-12"
"292",292,292,"2017-18",21700415,"12/14/2017","LAL","CLE",12,"Thursday","R",2,"YES","YES","EAST",32129,"NO",32994.2548756681,2,"2017-12-14"
"293",293,293,"2017-18",21700421,"12/15/2017","OKC","PHI",12,"Friday","R",2,"NO","YES","CENTRAL",42455,"NO",41964.9354556477,11,"2017-12-15"
"294",294,294,"2017-18",21700418,"12/15/2017","MIA","CHA",12,"Friday","R",2,"NO","NO","CENTRAL",10648,"NO",11825.3031481135,13,"2017-12-15"
"295",295,295,"2017-18",21700430,"12/16/2017","UTA","CLE",12,"Saturday","R",1,"YES","YES","MOUNTAIN",26869,"YES",27953.5329847854,3,"2017-12-16"
"296",296,296,"2017-18",21700433,"12/16/2017","MIL","HOU",12,"Saturday","R",1,"NO","NO","PACIFIC",17294,"YES",19015.6187700739,2,"2017-12-16"
"297",297,297,"2017-18",21700436,"12/16/2017","BOS","MEM",12,"Saturday","R",1,"NO","NO","EAST",10935,"YES",13108.058024563,1,"2017-12-16"
"298",298,298,"2017-18",21700441,"12/18/2017","NYK","CHA",12,"Monday","R",1,"NO","NO","EAST",18252.5,"NO",19496.987561993,7,"2017-12-18"
"299",299,299,"2017-18",21700459,"12/20/2017","LAL","HOU",12,"Wednesday","R",2,"NO","NO","EAST",11582.5,"NO",13633.820312568,2,"2017-12-20"
"300",300,300,"2017-18",21700457,"12/20/2017","SAC","BKN",12,"Wednesday","R",1,"NO","NO","CENTRAL",9640,"NO",10791.1306823057,14,"2017-12-20"
"301",301,301,"2017-18",21700478,"12/22/2017","DEN","POR",12,"Friday","R",0,"NO","NO","CENTRAL",12940,"NO",14575.5166502875,6,"2017-12-22"
"302",302,302,"2017-18",21700480,"12/23/2017","PHI","TOR",12,"Saturday","R",2,"NO","NO","PACIFIC",9669,"YES",11746.4186594589,3,"2017-12-23"
"303",303,303,"2017-18",21700490,"12/23/2017","MIN","PHX",12,"Saturday","R",0,"NO","NO","PACIFIC",13776,"YES",15447.617972842,5,"2017-12-23"
"304",304,304,"2017-18",21700493,"12/25/2017","PHI","NYK",12,"Monday","C",1,"NO","NO","EAST",14488,"NO",23235.5049349627,8,"2017-12-25"
"305",305,305,"2017-18",21700520,"12/28/2017","PHI","POR",12,"Thursday","R",0,"NO","NO","CENTRAL",12052,"NO",13738.7772595381,6,"2017-12-28"
"306",306,306,"2017-18",21700516,"12/28/2017","DET","ORL",12,"Thursday","R",1,"NO","NO","CENTRAL",3723,"NO",5974.93655932408,5,"2017-12-28"
"307",307,307,"2017-18",21700526,"12/29/2017","MIL","OKC",12,"Friday","R",2,"NO","YES","MOUNTAIN",15652,"NO",17299.6843476255,4,"2017-12-29"
"308",308,308,"2017-18",21700521,"12/29/2017","HOU","WAS",12,"Friday","R",2,"NO","NO","PACIFIC",20057,"NO",21619.1220771017,2,"2017-12-29"
"309",309,309,"2017-18",21700528,"12/29/2017","CHA","GSW",12,"Friday","R",3,"NO","YES","EAST",30412,"NO",31460.730449818,1,"2017-12-29"
"310",310,310,"2017-18",21700529,"12/29/2017","LAC","LAL",12,"Friday","R",2,"NO","YES","EAST",16723,"NO",17802.6987901047,10,"2017-12-29"
"311",311,311,"2017-18",21700525,"12/29/2017","DAL","NOP",12,"Friday","R",1,"NO","NO","EAST",7017.5,"NO",8910.53817565322,7,"2017-12-29"
"312",312,312,"2017-18",21700524,"12/29/2017","IND","CHI",12,"Friday","R",3,"NO","NO","CENTRAL",11375,"NO",13185.217885917,5,"2017-12-29"
"313",313,313,"2017-18",21700535,"12/30/2017","MEM","GSW",12,"Saturday","R",3,"NO","YES","CENTRAL",25033,"YES",26392.2381267987,1,"2017-12-30"
"314",314,314,"2017-18",21700540,"12/31/2017","LAL","HOU",12,"Sunday","R",2,"NO","NO","CENTRAL",11582.5,"YES",13633.820312568,2,"2017-12-31"
"315",315,315,"2017-18",21700538,"12/31/2017","MIN","IND",12,"Sunday","R",1,"NO","NO","CENTRAL",11865,"YES",13815.6525582041,3,"2017-12-31"
"316",316,316,"2017-18",21700553,"1/2/2018","MEM","LAC",1,"Tuesday","R",1,"NO","YES","CENTRAL",18677,"NO",17942.2121108261,5,"2018-01-02"
"317",317,317,"2017-18",21700559,"1/3/2018","CLE","BOS",1,"Wednesday","R",2,"YES","YES","MOUNTAIN",34180,"NO",32887.7280453256,1,"2018-01-03"
"318",318,318,"2017-18",21700562,"1/3/2018","GSW","DAL",1,"Wednesday","R",3,"NO","YES","MOUNTAIN",29958.5,"NO",28825.557795539,2,"2018-01-03"
"319",319,319,"2017-18",21700555,"1/3/2018","SAS","PHI",1,"Wednesday","R",2,"NO","NO","PACIFIC",14124,"NO",13820.7585538909,3,"2018-01-03"
"320",320,320,"2017-18",21700561,"1/3/2018","IND","MIL",1,"Wednesday","R",1,"NO","NO","EAST",8077.5,"NO",7448.41680134467,11,"2018-01-03"
"321",321,321,"2017-18",21700567,"1/4/2018","OKC","LAC",1,"Thursday","R",3,"NO","YES","EAST",27050.5,"NO",26001.0645612359,3,"2018-01-04"
"322",322,322,"2017-18",21700571,"1/5/2018","TOR","MIL",1,"Friday","R",2,"NO","NO","EAST",14603,"NO",14356.468026786,2,"2018-01-05"
"323",323,323,"2017-18",21700574,"1/5/2018","UTA","DEN",1,"Friday","R",0,"NO","NO","CENTRAL",7274,"NO",7113.10049317131,6,"2018-01-05"
"324",324,324,"2017-18",21700583,"1/6/2018","MIL","WAS",1,"Saturday","R",1,"NO","NO","CENTRAL",15249,"YES",14627.7363504085,6,"2018-01-06"
"325",325,325,"2017-18",21700593,"1/8/2018","HOU","CHI",1,"Monday","R",3,"NO","NO","EAST",14459,"NO",14220.7805580158,2,"2018-01-08"
"326",326,326,"2017-18",21700603,"1/10/2018","DAL","CHA",1,"Wednesday","R",0,"NO","NO","MOUNTAIN",11771.5,"NO",10507.3763628527,16,"2018-01-10"
"327",327,327,"2017-18",21700609,"1/10/2018","NOP","MEM",1,"Wednesday","R",1,"NO","NO","CENTRAL",11902,"NO",10967.7838690916,12,"2018-01-10"
"328",328,328,"2017-18",21700610,"1/10/2018","ORL","MIL",1,"Wednesday","R",0,"NO","NO","EAST",6816,"NO",6512.81859172208,8,"2018-01-10"
"329",329,329,"2017-18",21700614,"1/11/2018","BOS","PHI",1,"Thursday","R",1,"NO","NO","EAST",17192,"NO",16880.3758267996,1,"2018-01-11"
"330",330,330,"2017-18",21700617,"1/11/2018","SAS","LAL",1,"Thursday","R",3,"NO","NO","EAST",23835,"NO",23055.5424134962,2,"2018-01-11"
"331",331,331,"2017-18",21700626,"1/12/2018","HOU","PHX",1,"Friday","R",1,"NO","NO","CENTRAL",9775,"NO",9807.16872663039,2,"2018-01-12"
"332",332,332,"2017-18",21700618,"1/12/2018","UTA","CHA",1,"Friday","R",0,"NO","NO","MOUNTAIN",9833,"NO",9018.21877960904,12,"2018-01-12"
"333",333,333,"2017-18",21700623,"1/12/2018","NYK","MIN",1,"Friday","R",1,"NO","NO","PACIFIC",23718,"NO",22860.9361607039,3,"2018-01-12"
"334",334,334,"2017-18",21700620,"1/12/2018","ORL","WAS",1,"Friday","R",1,"NO","NO","EAST",10534,"NO",10269.2742066904,5,"2018-01-12"
"335",335,335,"2017-18",21700631,"1/13/2018","GSW","TOR",1,"Saturday","R",5,"NO","YES","CENTRAL",39188,"YES",37606.6366814439,1,"2018-01-13"
"336",336,336,"2017-18",21700635,"1/14/2018","NOP","NYK",1,"Sunday","R",2,"NO","NO","EAST",20937,"YES",19987.3913668304,6,"2018-01-14"
"337",337,337,"2017-18",21700634,"1/14/2018","MIL","MIA",1,"Sunday","R",2,"NO","NO","CENTRAL",12628.25,"YES",12495.7122701617,2,"2018-01-14"
"338",338,338,"2017-18",21700646,"1/15/2018","GSW","CLE",1,"Monday","R",4,"YES","YES","CENTRAL",70992,"NO",67574.7217978791,1,"2018-01-15"
"339",339,339,"2017-18",21700644,"1/15/2018","MIA","CHI",1,"Monday","R",4,"NO","NO","EAST",15038.5,"NO",14429.387654741,6,"2018-01-15"
"340",340,340,"2017-18",21700650,"1/16/2018","NOP","BOS",1,"Tuesday","R",2,"NO","NO","CENTRAL",13719,"NO",13607.8579168078,1,"2018-01-16"
"341",341,341,"2017-18",21700659,"1/17/2018","MIA","MIL",1,"Wednesday","R",2,"NO","NO","CENTRAL",8281,"NO",8230.69086930684,4,"2018-01-17"
"342",342,342,"2017-18",21700655,"1/17/2018","SAS","BKN",1,"Wednesday","R",2,"NO","NO","CENTRAL",11031,"NO",10990.6649820147,2,"2018-01-17"
"343",343,343,"2017-18",21700656,"1/17/2018","DET","TOR",1,"Wednesday","R",3,"NO","NO","MOUNTAIN",14887,"NO",14624.0738679716,2,"2018-01-17"
"344",344,344,"2017-18",21700671,"1/19/2018","PHX","DEN",1,"Friday","R",0,"NO","NO","EAST",5180.5,"NO",5140.44968851601,6,"2018-01-19"
"345",345,345,"2017-18",21700670,"1/19/2018","SAC","MEM",1,"Friday","R",1,"NO","NO","EAST",5473.5,"NO",4910.37489000083,12,"2018-01-19"
"346",346,346,"2017-18",21700679,"1/20/2018","GSW","HOU",1,"Saturday","R",4,"NO","YES","EAST",51488,"YES",49196.6079722298,1,"2018-01-20"
"347",347,347,"2017-18",21700678,"1/20/2018","MIL","PHI",1,"Saturday","R",0,"NO","NO","EAST",7353,"YES",6934.4595929277,9,"2018-01-20"
"348",348,348,"2017-18",21700684,"1/21/2018","NYK","LAL",1,"Sunday","R",2,"NO","NO","EAST",26368,"YES",25189.2421268776,5,"2018-01-21"
"349",349,349,"2017-18",21700685,"1/21/2018","BKN","DET",1,"Sunday","R",1,"NO","NO","CENTRAL",11918.5,"YES",11658.2128668868,4,"2018-01-21"
"350",350,350,"2017-18",21700690,"1/22/2018","PHI","MEM",1,"Monday","R",0,"NO","NO","CENTRAL",13211,"NO",12369.9410200091,10,"2018-01-22"
"351",351,351,"2017-18",21700687,"1/22/2018","SAC","CHA",1,"Monday","R",1,"NO","NO","CENTRAL",12867.25,"NO",11877.3139331917,12,"2018-01-22"
"352",352,352,"2017-18",21700691,"1/22/2018","PHX","MIL",1,"Monday","R",0,"NO","NO","PACIFIC",14179,"NO",13535.1428911025,7,"2018-01-22"
"353",353,353,"2017-18",21700693,"1/22/2018","WAS","DAL",1,"Monday","R",1,"NO","NO","EAST",6280,"NO",6345.2004178546,4,"2018-01-22"
"354",354,354,"2017-18",21700699,"1/23/2018","NYK","GSW",1,"Tuesday","R",4,"NO","YES","EAST",31120,"NO",30004.3693339594,1,"2018-01-23"
"355",355,355,"2017-18",21700696,"1/23/2018","SAC","ORL",1,"Tuesday","R",1,"NO","NO","EAST",19494,"NO",18374.6093036131,9,"2018-01-23"
"356",356,356,"2017-18",21700706,"1/24/2018","HOU","DAL",1,"Wednesday","R",1,"NO","NO","CENTRAL",12867.5,"NO",12721.1513458788,2,"2018-01-24"
"357",357,357,"2017-18",21700716,"1/26/2018","UTA","TOR",1,"Friday","R",2,"NO","NO","CENTRAL",9235,"NO",9298.34071874223,2,"2018-01-26"
"358",358,358,"2017-18",21700736,"1/28/2018","PHI","OKC",1,"Sunday","R",2,"NO","YES","MOUNTAIN",10737,"YES",10544.9160311093,4,"2018-01-28"
"359",359,359,"2017-18",21700731,"1/28/2018","MIL","CHI",1,"Sunday","R",2,"NO","NO","MOUNTAIN",12727,"YES",12166.9609143365,7,"2018-01-28"
"360",360,360,"2017-18",21700737,"1/28/2018","SAC","SAS",1,"Sunday","R",3,"NO","NO","PACIFIC",14196.5,"YES",13973.4336097369,2,"2018-01-28"
"361",361,361,"2017-18",21700744,"1/30/2018","OKC","WAS",1,"Tuesday","R",3,"NO","YES","EAST",12041,"NO",11604.9210739173,6,"2018-01-30"
"362",362,362,"2017-18",21700751,"1/30/2018","GSW","UTA",1,"Tuesday","R",3,"NO","YES","EAST",30087,"NO",29031.0002003511,1,"2018-01-30"
"363",363,363,"2017-18",21700750,"1/30/2018","DEN","SAS",1,"Tuesday","R",2,"NO","NO","EAST",12471.5,"NO",12263.6506223443,3,"2018-01-30"
"364",364,364,"2017-18",21700756,"1/31/2018","PHI","BKN",1,"Wednesday","R",0,"NO","NO","PACIFIC",9117,"NO",8849.71163861182,6,"2018-01-31"
"365",365,365,"2017-18",21700759,"1/31/2018","CHI","POR",1,"Wednesday","R",2,"NO","NO","EAST",18934,"NO",18268.7367360338,4,"2018-01-31"
"366",366,366,"2017-18",21700755,"1/31/2018","CHA","ATL",1,"Wednesday","R",2,"NO","NO","EAST",6315,"NO",6040.73927329251,8,"2018-01-31"
"367",367,367,"2017-18",21700762,"2/1/2018","TOR","WAS",2,"Thursday","R",3,"NO","NO","EAST",18661,"NO",18373.2609305335,2,"2018-02-01"
"368",368,368,"2017-18",21700763,"2/1/2018","MIL","MIN",2,"Thursday","R",0,"NO","NO","CENTRAL",8578,"NO",8703.59092552217,4,"2018-02-01"
"369",369,369,"2017-18",21700774,"2/2/2018","GSW","SAC",2,"Friday","R",4,"NO","YES","CENTRAL",31344,"NO",30408.4833817009,1,"2018-02-02"
"370",370,370,"2017-18",21700770,"2/2/2018","MIA","PHI",2,"Friday","R",2,"NO","NO","CENTRAL",17913,"NO",17415.3593589501,5,"2018-02-02"
"371",371,371,"2017-18",21700766,"2/2/2018","IND","CHA",2,"Friday","R",1,"NO","NO","MOUNTAIN",6554,"NO",6712.06798561376,5,"2018-02-02"
"372",372,372,"2017-18",21700782,"2/3/2018","GSW","DEN",2,"Saturday","R",3,"NO","YES","MOUNTAIN",29754,"YES",28910.2675806969,1,"2018-02-03"
"373",373,373,"2017-18",21700785,"2/4/2018","MIL","BKN",2,"Sunday","R",0,"NO","NO","PACIFIC",10096.5,"YES",10050.073944769,5,"2018-02-04"
"374",374,374,"2017-18",21700808,"2/7/2018","UTA","MEM",2,"Wednesday","R",0,"NO","NO","EAST",8346,"NO",8231.90278369853,7,"2018-02-07"
"375",375,375,"2017-18",21700814,"2/8/2018","CHA","POR",2,"Thursday","R",0,"NO","NO","EAST",7923,"NO",7917.68102860262,6,"2018-02-08"
"376",376,376,"2017-18",21700817,"2/9/2018","LAC","DET",2,"Friday","R",2,"NO","YES","CENTRAL",17516,"NO",16535.1154392445,11,"2018-02-09"
"377",377,377,"2017-18",21700821,"2/9/2018","MIL","MIA",2,"Friday","R",2,"NO","NO","PACIFIC",12628.25,"NO",12435.676368789,5,"2018-02-09"
"378",378,378,"2017-18",21700830,"2/10/2018","LAL","DAL",2,"Saturday","R",1,"NO","NO","EAST",17749,"YES",16923.3856707403,9,"2018-02-10"
"379",379,379,"2017-18",21700835,"2/11/2018","CLE","BOS",2,"Sunday","R",2,"YES","YES","EAST",34180,"YES",32996.412512786,2,"2018-02-11"
"380",380,380,"2017-18",21700845,"2/12/2018","SAS","UTA",2,"Monday","R",2,"NO","NO","EAST",17186.5,"NO",16983.8777867722,2,"2018-02-12"
"381",381,381,"2017-18",21700844,"2/12/2018","ORL","CHI",2,"Monday","R",2,"NO","NO","CENTRAL",5907.5,"NO",5765.44704961504,9,"2018-02-12"
"382",382,382,"2017-18",21700853,"2/14/2018","ATL","DET",2,"Wednesday","R",3,"NO","NO","CENTRAL",13156.5,"NO",12174.1909963868,14,"2018-02-14"
"383",383,383,"2017-18",21700872,"2/22/2018","LAC","GSW",2,"Thursday","R",4,"NO","YES","CENTRAL",29811,"NO",28963.9772037518,1,"2018-02-22"
"384",384,384,"2017-18",21700870,"2/22/2018","PHI","CHI",2,"Thursday","R",2,"NO","NO","CENTRAL",15362,"NO",15011.6181587228,5,"2018-02-22"
"385",385,385,"2017-18",21700871,"2/22/2018","OKC","SAC",2,"Thursday","R",3,"NO","YES","PACIFIC",16666.5,"NO",16409.5350762412,3,"2018-02-22"
"386",386,386,"2017-18",21700867,"2/22/2018","BKN","CHA",2,"Thursday","R",0,"NO","NO","PACIFIC",8175,"NO",8070.77391453394,7,"2018-02-22"
"387",387,387,"2017-18",21700878,"2/23/2018","CLE","MEM",2,"Friday","R",1,"YES","YES","PACIFIC",19879.25,"NO",19183.7456014041,6,"2018-02-23"
"388",388,388,"2017-18",21700886,"2/24/2018","BOS","NYK",2,"Saturday","R",2,"NO","NO","EAST",28997,"YES",28112.6059111483,2,"2018-02-24"
"389",389,389,"2017-18",21700884,"2/24/2018","ORL","PHI",2,"Saturday","R",0,"NO","NO","EAST",20171,"YES",19458.654066777,6,"2018-02-24"
"390",390,390,"2017-18",21700888,"2/24/2018","CHI","MIN",2,"Saturday","R",2,"NO","NO","CENTRAL",15032.25,"YES",14869.623646813,3,"2018-02-24"
"391",391,391,"2017-18",21700889,"2/24/2018","POR","PHX",2,"Saturday","R",0,"NO","NO","EAST",10453.5,"YES",10386.4657944283,5,"2018-02-24"
"392",392,392,"2017-18",21700894,"2/25/2018","SAS","CLE",2,"Sunday","R",3,"YES","YES","EAST",55304,"YES",52901.0103620998,2,"2018-02-25"
"393",393,393,"2017-18",21700897,"2/26/2018","LAL","ATL",2,"Monday","R",3,"NO","NO","EAST",22293,"NO",21036.3587608773,11,"2018-02-26"
"394",394,394,"2017-18",21700906,"2/26/2018","MIN","SAC",2,"Monday","R",1,"NO","NO","CENTRAL",14510.5,"NO",14209.2717722103,5,"2018-02-26"
"395",395,395,"2017-18",21700899,"2/26/2018","CHI","BKN",2,"Monday","R",2,"NO","NO","CENTRAL",25259.5,"NO",23662.8944761188,13,"2018-02-26"
"396",396,396,"2017-18",21700907,"2/27/2018","CHI","CHA",2,"Tuesday","R",2,"NO","NO","MOUNTAIN",13419,"NO",12843.3388667482,9,"2018-02-27"
"397",397,397,"2017-18",21700917,"2/28/2018","GSW","WAS",2,"Wednesday","R",4,"NO","YES","PACIFIC",42982,"NO",41374.6692257794,1,"2018-02-28"
"398",398,398,"2017-18",21700922,"3/1/2018","LAL","MIA",3,"Thursday","R",3,"NO","NO","PACIFIC",14238,"NO",14229.9069193379,4,"2018-03-01"
"399",399,399,"2017-18",21700924,"3/1/2018","BKN","SAC",3,"Thursday","R",1,"NO","NO","EAST",7065,"NO",7217.89432797402,7,"2018-03-01"
"400",400,400,"2017-18",21700929,"3/2/2018","TOR","WAS",3,"Friday","R",3,"NO","NO","CENTRAL",18661,"NO",18566.3055824103,2,"2018-03-02"
"401",401,401,"2017-18",21700939,"3/3/2018","BOS","HOU",3,"Saturday","R",2,"NO","NO","EAST",18199,"YES",18215.3351378558,1,"2018-03-03"
"402",402,402,"2017-18",21700937,"3/3/2018","DEN","CLE",3,"Saturday","R",1,"YES","YES","MOUNTAIN",21962.75,"YES",21508.7386858824,4,"2018-03-03"
"403",403,403,"2017-18",21700940,"3/3/2018","LAL","SAS",3,"Saturday","R",3,"NO","NO","MOUNTAIN",17186,"YES",17007.7309327717,4,"2018-03-03"
"404",404,404,"2017-18",21700948,"3/4/2018","BKN","LAC",3,"Sunday","R",1,"NO","YES","EAST",13046,"YES",12937.9958367962,6,"2018-03-04"
"405",405,405,"2017-18",21700962,"3/6/2018","NYK","POR",3,"Tuesday","R",1,"NO","NO","EAST",7972,"NO",8325.61747965785,4,"2018-03-06"
"406",406,406,"2017-18",21700961,"3/6/2018","DEN","DAL",3,"Tuesday","R",0,"NO","NO","EAST",6239,"NO",6355.21574630638,8,"2018-03-06"
"407",407,407,"2017-18",21700968,"3/7/2018","HOU","MIL",3,"Wednesday","R",1,"NO","NO","CENTRAL",16821.25,"NO",16917.1170121745,1,"2018-03-07"
"408",408,408,"2017-18",21700969,"3/7/2018","NOP","SAC",3,"Wednesday","R",2,"NO","NO","CENTRAL",10158,"NO",10469.7888219327,3,"2018-03-07"
"409",409,409,"2017-18",21700973,"3/8/2018","PHI","MIA",3,"Thursday","R",2,"NO","NO","CENTRAL",13094,"NO",12983.2249930529,6,"2018-03-08"
"410",410,410,"2017-18",21700979,"3/9/2018","HOU","TOR",3,"Friday","R",3,"NO","NO","MOUNTAIN",26191,"NO",25745.9896546006,1,"2018-03-09"
"411",411,411,"2017-18",21700986,"3/9/2018","CLE","LAC",3,"Friday","R",2,"YES","YES","PACIFIC",24411,"NO",23731.3010390811,5,"2018-03-09"
"412",412,412,"2017-18",21700990,"3/10/2018","SAS","OKC",3,"Saturday","R",4,"NO","YES","CENTRAL",30089,"YES",29418.9740522822,1,"2018-03-10"
"413",413,413,"2017-18",21701000,"3/11/2018","CLE","LAL",3,"Sunday","R",2,"YES","YES","CENTRAL",26959,"YES",26132.2154170422,5,"2018-03-11"
"414",414,414,"2017-18",21700994,"3/11/2018","GSW","MIN",3,"Sunday","R",3,"NO","YES","EAST",39007.5,"YES",37822.6455121906,1,"2018-03-11"
"415",415,415,"2017-18",21700998,"3/11/2018","IND","BOS",3,"Sunday","R",2,"NO","NO","MOUNTAIN",19026,"YES",18741.5152559462,4,"2018-03-11"
"416",416,416,"2017-18",21701015,"3/13/2018","DEN","LAL",3,"Tuesday","R",1,"NO","NO","EAST",15440,"NO",15025.0796362674,8,"2018-03-13"
"417",417,417,"2017-18",21701014,"3/13/2018","CLE","PHX",3,"Tuesday","R",1,"YES","YES","EAST",26980,"NO",26152.0031729046,5,"2018-03-13"
"418",418,418,"2017-18",21701012,"3/13/2018","ORL","SAS",3,"Tuesday","R",2,"NO","NO","PACIFIC",14272,"NO",13924.5035006871,8,"2018-03-13"
"419",419,419,"2017-18",21701039,"3/17/2018","CLE","CHI",3,"Saturday","R",3,"YES","YES","CENTRAL",28741,"YES",27726.9876586567,6,"2018-03-17"
"420",420,420,"2017-18",21701045,"3/17/2018","DET","POR",3,"Saturday","R",1,"NO","NO","EAST",17354,"YES",17250.3931640868,3,"2018-03-17"
"421",421,421,"2017-18",21701038,"3/17/2018","CHA","NYK",3,"Saturday","R",1,"NO","NO","EAST",18905,"YES",17868.2584314673,13,"2018-03-17"
"422",422,422,"2017-18",21701049,"3/18/2018","POR","LAC",3,"Sunday","R",1,"NO","YES","EAST",14308,"YES",14295.8661055456,4,"2018-03-18"
"423",423,423,"2017-18",21701053,"3/19/2018","MEM","BKN",3,"Monday","R",0,"NO","NO","CENTRAL",10586.75,"NO",9861.46662445714,15,"2018-03-19"
"424",424,424,"2017-18",21701058,"3/20/2018","TOR","ORL",3,"Tuesday","R",2,"NO","NO","CENTRAL",9274,"NO",9721.1787119545,2,"2018-03-20"
"425",425,425,"2017-18",21701061,"3/20/2018","DAL","NOP",3,"Tuesday","R",1,"NO","NO","PACIFIC",7017.5,"NO",7257.49649317812,6,"2018-03-20"
"426",426,426,"2017-18",21701078,"3/23/2018","LAC","IND",3,"Friday","R",2,"NO","YES","PACIFIC",15987,"NO",15540.5035627763,8,"2018-03-23"
"427",427,427,"2017-18",21701083,"3/23/2018","MIL","CHI",3,"Friday","R",2,"NO","NO","EAST",12727,"NO",11878.1687427583,15,"2018-03-23"
"428",428,428,"2017-18",21701088,"3/24/2018","MIN","PHI",3,"Saturday","R",0,"NO","NO","EAST",16138.75,"YES",16105.2945778162,3,"2018-03-24"
"429",429,429,"2017-18",21701092,"3/24/2018","LAL","MEM",3,"Saturday","R",1,"NO","NO","CENTRAL",21180,"YES",20518.0930897173,7,"2018-03-24"
"430",430,430,"2017-18",21701089,"3/24/2018","CHI","DET",3,"Saturday","R",3,"NO","NO","CENTRAL",8630,"YES",8861.27364559397,5,"2018-03-24"
"431",431,431,"2017-18",21701094,"3/25/2018","CLE","BKN",3,"Sunday","R",1,"YES","YES","MOUNTAIN",24573,"YES",23715.2290726145,7,"2018-03-25"
"432",432,432,"2017-18",21701100,"3/25/2018","POR","OKC",3,"Sunday","R",2,"NO","YES","MOUNTAIN",22978.5,"YES",22381.4934070444,5,"2018-03-25"
"433",433,433,"2017-18",21701098,"3/25/2018","NYK","WAS",3,"Sunday","R",2,"NO","NO","PACIFIC",16789,"YES",16043.1268286496,11,"2018-03-25"
"434",434,434,"2017-18",21701104,"3/26/2018","LAL","DET",3,"Monday","R",2,"NO","NO","EAST",6975,"NO",7301.81002882563,5,"2018-03-26"
"435",435,435,"2017-18",21701123,"3/28/2018","DAL","LAL",3,"Wednesday","R",1,"NO","NO","EAST",20930.5,"NO",20114.2753357582,9,"2018-03-28"
"436",436,436,"2017-18",21701117,"3/28/2018","BKN","ORL",3,"Wednesday","R",0,"NO","NO","EAST",15251.5,"NO",14594.3804173014,11,"2018-03-28"
"437",437,437,"2017-18",21701128,"3/29/2018","MIL","GSW",3,"Thursday","R",3,"NO","YES","EAST",27168,"NO",26666.5914392427,1,"2018-03-29"
"438",438,438,"2017-18",21701125,"3/29/2018","CHI","MIA",3,"Thursday","R",4,"NO","NO","PACIFIC",20142.5,"NO",19624.8439071264,6,"2018-03-29"
"439",439,439,"2017-18",21701127,"3/29/2018","IND","SAC",3,"Thursday","R",2,"NO","NO","PACIFIC",9391,"NO",9831.42478033027,2,"2018-03-29"
"440",440,440,"2017-18",21701131,"3/30/2018","NOP","CLE",3,"Friday","R",2,"YES","YES","EAST",19793,"NO",19548.5996663816,3,"2018-03-30"
"441",441,441,"2017-18",21701136,"3/30/2018","MIL","LAL",3,"Friday","R",1,"NO","NO","EAST",14126,"NO",13618.2111149066,10,"2018-03-30"
"442",442,442,"2017-18",21701132,"3/30/2018","PHX","HOU",3,"Friday","R",1,"NO","NO","EAST",9540,"NO",10056.1838039603,1,"2018-03-30"
"443",443,443,"2017-18",21701137,"3/30/2018","LAC","POR",3,"Friday","R",1,"NO","YES","CENTRAL",29069,"NO",28373.4942974103,2,"2018-03-30"
"444",444,444,"2017-18",21701135,"3/30/2018","MEM","UTA",3,"Friday","R",0,"NO","NO","PACIFIC",11067,"NO",10904.515046462,8,"2018-03-30"
"445",445,445,"2017-18",21701155,"4/1/2018","SAC","LAL",4,"Sunday","R",2,"NO","NO","MOUNTAIN",16627,"YES",15493.0017872446,18,"2018-04-01"
"446",446,446,"2017-18",21701144,"4/1/2018","WAS","CHI",4,"Sunday","R",3,"NO","NO","EAST",8649,"YES",8481.70021424034,12,"2018-04-01"
"447",447,447,"2017-18",21701147,"4/1/2018","ORL","ATL",4,"Sunday","R",2,"NO","NO","EAST",7361,"YES",6340.08915943683,23,"2018-04-01"
"448",448,448,"2017-18",21701162,"4/3/2018","BOS","MIL",4,"Tuesday","R",1,"NO","NO","EAST",17660.75,"NO",17648.1202082502,4,"2018-04-03"
"449",449,449,"2017-18",21701164,"4/3/2018","POR","DAL",4,"Tuesday","R",0,"NO","NO","EAST",12324,"NO",12535.0787810613,5,"2018-04-03"
"450",450,450,"2017-18",21701171,"4/4/2018","BOS","TOR",4,"Wednesday","R",3,"NO","NO","CENTRAL",22178,"NO",22157.6883885975,1,"2018-04-04"
"451",451,451,"2017-18",21701178,"4/5/2018","BKN","MIL",4,"Thursday","R",0,"NO","NO","PACIFIC",17952,"NO",17500.7566144964,9,"2018-04-05"
"452",452,452,"2017-18",21701186,"4/6/2018","MIA","NYK",4,"Friday","R",3,"NO","NO","PACIFIC",8383,"NO",8568.49604431695,8,"2018-04-06"
"453",453,453,"2017-18",21701191,"4/7/2018","DEN","LAC",4,"Saturday","R",1,"NO","YES","PACIFIC",8670,"YES",8923.28889218511,7,"2018-04-07"
"454",454,454,"2017-18",21701206,"4/9/2018","OKC","MIA",4,"Monday","R",4,"NO","YES","EAST",17396,"NO",17398.6531432717,4,"2018-04-09"
"455",455,455,"2017-18",21701205,"4/9/2018","CHI","BKN",4,"Monday","R",2,"NO","NO","CENTRAL",25259.5,"NO",23964.623595456,14,"2018-04-09"
"456",456,456,"2017-18",21701213,"4/10/2018","CHA","IND",4,"Tuesday","R",1,"NO","NO","CENTRAL",10843,"NO",11139.5708557236,5,"2018-04-10"
"457",457,457,"2017-18",21701229,"4/11/2018","UTA","POR",4,"Wednesday","R",0,"NO","NO","CENTRAL",11391,"NO",11571.5768719047,6,"2018-04-11"
"458",458,458,"2017-18",21701230,"4/11/2018","HOU","SAC",4,"Wednesday","R",2,"NO","NO","CENTRAL",9249,"NO",9975.0266960308,1,"2018-04-11"
"459",459,459,"2017-18",21701222,"4/11/2018","WAS","ORL",4,"Wednesday","R",1,"NO","NO","CENTRAL",13713,"NO",13084.6558304919,14,"2018-04-11"
"460",460,460,"2017-18",21701224,"4/11/2018","DET","CHI",4,"Wednesday","R",3,"NO","NO","PACIFIC",8740,"NO",8145.64623422794,17,"2018-04-11"
